<beans xmlns="http://www.springframework.org/schema/beans"
	xmlns:context="http://www.springframework.org/schema/context"
	xmlns:xsi="http://www.w3.org/2001/XMLSchema-instance"
	xmlns:mvc="http://www.springframework.org/schema/mvc"
	xsi:schemaLocation="http://www.springframework.org/schema/beans
http://www.springframework.org/schema/beans/spring-beans-3.0.xsd
http://www.springframework.org/schema/context
http://www.springframework.org/schema/context/spring-context-3.0.xsd
http://www.springframework.org/schema/mvc
http://www.springframework.org/schema/mvc/spring-mvc-3.0.xsd">
       
	<context:component-scan base-package="blog.connect.controller" /> 
	
	
	<mvc:resources mapping="/resources/**" location="/resources/" /> 
	
	<mvc:annotation-driven />
	
    <mvc:default-servlet-handler/>
    
    
    
    
<!--     <bean id="bdao" class="blog.connect.DAO.BlogDAOImpl"/> -->
<!--     <bean id="bsd" class="blog.connect.Service.BlogServDAOImpl"/> -->
	
	
	
<bean class="org.springframework.web.servlet.view.InternalResourceViewResolver">
		<property name="prefix">
			<value>/WEB-INF/view/</value>
		</property>
		<property name="suffix">
			<value>.jsp</value>
		</property>
	</bean>
	
	</beans>